+('TAC', 0.5263157894736842), 
+('CAT', 0.5208333333333334), 
+('TCA', 0.20270270270270271), 
+('GCT', 0.32978723404255317), 
+('TCC', 0.18243243243243243), 
+('CAA', 0.4230769230769231), 
+('CCA', 0.36082474226804123), 
+('TTA', 0.21164021164021163), 
+('CAG', 0.5769230769230769), 
+('CAC', 0.4791666666666667), 
+('CCT', 0.30927835051546393),
+('TAA', 0.27941176470588236),
+('TGT', 0.4888888888888889), 
+('CTC', 0.13227513227513227), 
+('GAA', 0.4507042253521127), 
+('GTT', 0.29213483146067415), 
+('AGA', 0.46153846153846156), 
+('ATG', 1.0), 
+('GCA', 0.3617021276595745), 
+('GTA', 0.16853932584269662), 
+('CTG', 0.25925925925925924), 
+('TAT', 0.47368421052631576), 
+('TGC', 0.5111111111111111), 
+('TCT', 0.22297297297297297), 
+('TTC', 0.4782608695652174), 
+('AGT', 0.1554054054054054), 
+('AAA', 0.5555555555555556), 
+('ACA', 0.3333333333333333), 
+('GGA', 0.38095238095238093), 
+('ACT', 0.41379310344827586), 
+('CCC', 0.29896907216494845), 
+('TGA', 0.5294117647058824), 
+('GGT', 0.21904761904761905), 
+('TAG', 0.19117647058823528), 
+('AAC', 0.4745762711864407), 
+('AGC', 0.20945945945945946), 
+('TTT', 0.5217391304347826), 
+('ACC', 0.20689655172413793), 
+('ATT', 0.5), 
+('TGG', 1.0), 
+('GAC', 0.52), 
+('AGG', 0.34065934065934067), 
+('GTG', 0.3707865168539326), 
+('ATA', 0.21794871794871795), 
+('AAG', 0.4444444444444444),
+('GAG', 0.5492957746478874),
+('ATC', 0.28205128205128205),
+('AAT', 0.5254237288135594),
+('CTT', 0.15343915343915343),
+('GCC', 0.2553191489361702),
+('GTC', 0.16853932584269662),
+('TTG', 0.13756613756613756),
+('GGG', 0.2), ('GAT', 0.48),
+('CTA', 0.10582010582010581),
+('CCG', 0.030927835051546393),
+('CGG', 0.0989010989010989),
+('GGC', 0.2),
+('TCG', 0.02702702702702703),
+('GCG', 0.05319148936170213),
+('CGC', 0.03296703296703297),
+('CGT', 0.03296703296703297),
+('CGA', 0.03296703296703297),
+('ACG', 0.04597701149425287)
